,Cor_Row,Cor_Column,Correlation
0,MO3,MO4,0.9263172909008761
1,MO3,MO6,-0.9076591188348079
2,MO3,MO12,-0.8185445289228066
3,MO3,MO14,-0.5904970608452211
4,MO4,MO6,-0.9640512073219161
5,MO4,MO12,-0.7828509368546382
6,MO4,MO14,-0.7267262100512635
7,MO6,MO12,0.6996770571847485
8,MO6,MO14,0.5388457732411384
9,MO12,MO14,0.5144885785672608
